id,route,party name
1,SANTHAPETTAI,ARASAN STORES
2,NORTH CAR STREET,SARATHI IYYANGAR BAKERY
3,EAST CAR STREET,KALIAMMAL MALIGAI
4,KOKRAYANPETAI,MALAIYAPPER MALIGAI
5,WEST CAR STREET,BARANI MEDICAL
6,MANIKAM PALAYAM,KRISNAVENI MALIGAIM
7,NORTH CAR STREET,PONMUTHAYA SUPER MARKET
8,KOLIKALNATHAM ROAD,PONKALIAMMAN MALIGAIU
9,SALEM ROAD,THIYA PALAMUTHIR SOLAI
10,MANIKAM PALAYAM,KONGU BAKERY AND HOTEL
11,NORTH CAR STREET,MASTER COFFI
12,KOLIKALNATHAM ROAD,VELAVAN DIPPARTMENT STORES
13,NORTH CAR STREET,MATHA MALIGAI
14,NORTH CAR STREET,KANDY STORS
15,NORTH CAR STREET,MADHURA FENCY
16,NORTH CAR STREET,BANGLOORE IYANGAR BAKERI
17,EAST CAR STREET,RATHA COOLDRINGS
18,NORTH CAR STREET,JAY MEDICAL
19,MANIKAM PALAYAM,SENTHIL KUMAR MALIGAI
20,EAST CAR STREET,ANNAI MALIGAI
21,EAST CAR STREET,TP SUPRAMANIAM MALIGAI
22,EAST CAR STREET,GOPALAKRISNAN MALIGAI
23,EAST CAR STREET,MAGESVARI TEA STAL
24,SOUTH CAR STREET,VENGATES VARA MEDICAL
25,SOUTH CAR STREET,DHANVANTHIRI MALIGAI
26,SOUTH CAR STREET,MASIPERIYASAMI PORI KADAI
27,SOLASIRAMANI MOLASI,THARANI MALIGAI
28,SOUTH CAR STREET,SEENIVASA MEDIGAL
29,SOUTH CAR STREET,BALAJI MEDIGAL TWO
30,KOKRAYANPETAI,MUTHU MALIGAI
31,SOUTH CAR STREET,SASIKUMAR MALIGAI
32,WEST CAR STREET,SABARI MEDIGAL
33,WEST CAR STREET,SATHYA MEDICAL
34,WEST CAR STREET,ASHVINI MEDICAL
35,WEST CAR STREET,ROYAL MEDIGAL
36,WEST CAR STREET,AMBIGA NARVALTI
37,SOUTH CAR STREET,SRI BALAJI MEDICALS
38,WEST CAR STREET,JJ KABE
39,WEST CAR STREET,BAWA MEDIGAL
40,WEST CAR STREET,REAL PALAMUTHIRSOLAI
41,WEST CAR STREET,ROYAL CIPS
42,NORTH CAR STREET,MAHALAXMI IYYANGAR BEKARY
43,WEST CAR STREET,SRI RAMDEV SHAPPING CENTRE
44,PAVADI STREET,ASSM STORE
45,WEST CAR STREET,MS MALIGAI
46,WEST CAR STREET,MAGALAXMI IYANGAR BAKERY
47,KUMARAMANGALAM,JAI IYANGAR BAKERY
48,SANGAGIRI ROAD,DISHA MEDICAL
49,SANGAGIRI ROAD,ALFA STORES
50,NAMAKAL SNT ROAD,ANGAPPA SWEETS
51,KOKRAYANPETAI,KUMARAN COFFI PAR
52,SANGAGIRI ROAD,KUMARAN STORES G
53,SANGAGIRI ROAD,KEERTHI MEDICAL
54,SANGAGIRI ROAD,ANTAL BOOKS STAL
55,NAMAKAL SNT ROAD,THIRUMALAI KUMARAN STURES
56,MORE PALAYAM,TAA MALIGAI
57,MANIKAM PALAYAM,SANTHI MALIGAI
58,SALEM ROAD,TSS MALIGAI
59,ANNANAGAR SPP COLNY,MAAYON BAAKERY
60,BUSTANT,DEEPA BISCUITS
61,MANIKAM PALAYAM,NELLAI STORES MP
62,BUSTANT,CENTRAL CAPE HOTEL
63,BUSTANT,ALAGAR BISCUITS COOLDRINGS
64,BUSTANT,SAN FRUIT STAL B.S
65,MORE PALAYAM,TK MALIGAI
66,MORE PALAYAM,MATHES VARAN MALIGAI
67,KOKRAYANPETAI,DEAR PLAZA P LTD
68,BUSTANT,SIVAGAMI MEDIGAL STORES
69,ELACHIPALAYAM,SR BAKERY
70,KOLIKALNATHAM ROAD,VRIKSHA GLOBAL SCHOOL
71,SALEM ROAD,SM STORES
72,MORE PALAYAM,VAM MALIGAI
73,SALEM ROAD,RAYAL MALIGAI
74,KOOTAPPALLI,THE NATURAL DEPARTMENT
75,SALEM ROAD,JAYAM BAKERY
76,SALEM ROAD,SAY MEDICAL
77,KOLIKALNATHAM ROAD,ARTHANARISVARA STORES
78,ELACHIPALAYAM,SRI VELAVAN DEPARTMENT STORES
79,SANGAGIRI ROAD,SHIVAM DIPARTMENTAL STORES
80,MORE PALAYAM,BGG MALIGAI
81,ANNANAGAR SPP COLNY,VINAYAGA VEG
82,SOLASIRAMANI MOLASI,MURUGAN MALIGAIE
83,SALEM ROAD,KANESAN MALIAI APURPALAYAM
84,PAVADI STREET,SABARI COOLDRINGS
85,KUMARAMANGALAM,MAHALASHMI BAKERY
86,PAVADI STREET,ABISAKTHI SUPER MARKET
87,PAVADI STREET,NELLAI STORS G
88,VELLORE ROAD,DEVASREE MALIGAI
89,PAVADI STREET,SANMUGA MEDICAL
90,ANNANAGAR SPP COLNY,NELLAI DIPPARTMENT STORES
91,NAMAKAL SNT ROAD,MAIN STOCK
92,NAMAKAL SNT ROAD,SUBITSHA MALIGAI
93,SANTHAPETTAI,RAYAL SNACKS SND BAKERY
94,NAMAKAL SNT ROAD,HONEY MALIGAI
95,NAMAKAL SNT ROAD,ARULSAKTHI BAKERY
96,NAMAKAL SNT ROAD,SRI VINAYAGA MEDICAL
97,NAMAKAL SNT ROAD,A K S BAKERY
98,NAMAKAL SNT ROAD,SSS SANTHIYA BAKERYN
99,VELLORE ROAD,TAPCMS LTD
100,VELLORE ROAD,NELLAI SUYAMBU MALIGAI
101,VELLORE ROAD,MAYURA IANGAR BAKARY
102,KUMARAMANGALAM,RAJI MEDICAL
103,VELLORE ROAD,MURUGAN PAL PANNAI
104,VELLORE ROAD,SELVARANI COOLDRINGS
105,VELLORE ROAD,CHITRA COOLDRINGS
106,KOKRAYANPETAI,MAHALAXMI BAKERY
107,VELLORE ROAD,KVS MALIGAI
108,VELLORE ROAD,K V N NALLAIYAN&SON
109,KOKRAYANPETAI,NELLAI SELVI MALIGAI
110,VELLORE ROAD,MURUGESAN MALIGAI
111,VELLORE ROAD,SIVAMURUGAN MALIGAI
112,VELLORE ROAD,KRB STORS
113,VELLORE ROAD,KIRUBASTORES
114,VELLORE ROAD,SIVASAKTHI MEDIGAL
115,SOLASIRAMANI MOLASI,SSS SIVASAKTHI BAKERY
116,PAVADI STREET,NEW IYANGAR BAKERY
117,VELLORE ROAD,BISHMI MALIGAI
118,VELLORE ROAD,DEVI BEEDA
119,SOLASIRAMANI MOLASI,NEW ROYAL MALIGAI
120,PAVADI STREET,SIVAGAMI MEDICAL
121,DEVANAKURUCHI,THIRUNAVAKARASU
122,KANTHAM PALAYAM,BECK HOUSE
123,SOLASIRAMANI MOLASI,SELVA BAKERY
124,VELLORE ROAD,MYSURE COFFI KAF
125,KOKRAYANPETAI,MURUGAN BAKERY
126,VELLORE ROAD,SIVABALAN MALIGAI
127,ETTIMADI,MATHINA MALIGAI
128,VELLORE ROAD,MATHUMITHA MALIGAI
129,KOKRAYANPETAI,YAMUNADEVI MALIGAI
130,VELLORE ROAD,MEENACHI MALIGAI
131,PAVADI STREET,SRI BAGAVATHI SUPER MARKET
132,BUSTANT,LUCKY STORES
133,BUSTANT,GOLDEN MALIGAI
134,SALEM ROAD,SRM SWEETS AND CAKES
135,SALEM ROAD,KANNAN DEPARTMENT
136,ERODE ROAD,SANGAR MARKETING
137,PUTHOOR THONDIKAD,MRV STORES
138,DEVANAKURUCHI,RKM MEDICAL
139,DEVANAKURUCHI,MOGAN MALIGAI
140,PAVADI STREET,NELLAI STORES TP
141,DEVANAKURUCHI,ARUMUGAM MALIGAI
142,PUTHOOR THONDIKAD,PONNUSAMI MALIGAI
143,PUTHOOR THONDIKAD,SUKUMAR MALIGAI
144,PUTHOOR THONDIKAD,NA STORES
145,ERODE ROAD,SS MALIGAIE
146,KOOTAPPALLI,RAJAMANIKKAM MALIGAI
147,ANNANAGAR SPP COLNY,NELLAI PRIYANGA MALIGAI
148,PAVADI STREET,MANI DUDY PAIDSHOP
149,KOOTAPPALLI,CAKE STER
150,KOOTAPPALLI,KANAGAM STORESK
151,KOOTAPPALLI,MUGAVAI MALIGAI
152,DEVANAKURUCHI,SAGAYAN MALIGAI
153,SIDTHA LANTHUR,ULAVAN BAKERYS
154,DEVANAKURUCHI,KAMALAM MALIGAI
155,KOOTAPPALLI,KURINJI BAKERY
156,THOKAVADI,ATHAVA BAKERY
157,THOKAVADI,TKM MALIGAI
158,THOKAVADI,SM TEA STAL
159,MANIKAM PALAYAM,SRI AMMAN BAKERY M
160,SOLASIRAMANI MOLASI,NEW STAR MALIGAI
161,KOOTAPPALLI,SANA BAKERY
162,THOKAVADI,KURINJI BAKERY K
163,THOKAVADI,CHOLA KENDIN KSR
164,KUMARAMANGALAM,GOLDEN MALIGAI K
165,THOKAVADI,SARJA BAKERY
166,THOKAVADI,BALAJI MALIGAI
167,THOKAVADI,KANISKA MALIGAI
168,THOKAVADI,SRI IYANAR STORES
169,NAMAKAL SNT ROAD,MATHESVARAN MALIGAI
170,NORTH CAR STREET,TAI MALIGAI
171,KOLIKALNATHAM ROAD,KUMARAN MALIGAI
172,NAMAKAL SNT ROAD,RAJAMANIKKAM MALIGAI N
173,KOKRAYANPETAI,NELLAI SARANYA MALIGAI
174,COLONY,SALEM STORE
175,COLONY,KEETHASRI MALIGAI
176,KOLIKALNATHAM ROAD,NIJAM MALIGAI
177,SOLASIRAMANI MOLASI,LECHIMI MALIGAIS
178,KUMARAMANGALAM,MKG BAKERY
179,COLONY,MARUTHI MEDICAL
180,KUMARAMANGALAM,REAIL IYANGAR BAKERY
181,KUMARAMANGALAM,NS MALIGAI
182,KUMARAMANGALAM,CLASIC PROW TEA SHOP
183,KUMARAMANGALAM,ANANDA SUPER MARKET
184,MANIKAM PALAYAM,DHANVANTHRI MEDICAL
185,KUMARAMANGALAM,MAYURA BAKERY MANDAPALAYAM
186,KUMARAMANGALAM,SENGUNTHAR ENJE COLL KENDIN
187,MANIKAM PALAYAM,RAJA MALIGAI
188,KUMARAMANGALAM,PRM MALIGAI
189,KUMARAMANGALAM,MASI KATHI BOOJA STORES
190,KUMARAMANGALAM,KONGU BALAKADAI TWO
191,KUMARAMANGALAM,MUGAVAI MALIGAI KU
192,KUMARAMANGALAM,DHARSINI MALIGAI
193,KUMARAMANGALAM,SRS MALIGAI
194,KUMARAMANGALAM,SRI MURUGAN BAKERY
195,KUMARAMANGALAM,MKM MALIGAI
196,KUMARAMANGALAM,HARI KRISHNA MALIGAI
197,KUMARAMANGALAM,SRI KUMARAN STORES
198,KUMARAMANGALAM,M K G ENTERPRISESS
199,ELACHIPALAYAM,RAJAJI MEDICAL
200,PAVADI STREET,SARAVANA MILK
201,VELLORE ROAD,JAI IYANGAR BAKERY K
202,KUMARAMANGALAM,MUTHARAMMAN MALIGAI
203,SANGAGIRI ROAD,IDHAYAM MEDICAL INDIA P LT D
204,SALEM ROAD,SRI SAKTHI CAKES & SWEETS
205,PAVADI STREET,KANESAN MALIGAI
206,ELACHIPALAYAM,SELACTION MALIGAI
207,ELACHIPALAYAM,NELLAI SANMUGA STORES
208,ELACHIPALAYAM,GOWTHAM MALIGAI
209,ELACHIPALAYAM,KONGU BAKERY ELIMEDU
210,KUMARAMANGALAM,NTR BANDIAN MALIGAI
211,ELACHIPALAYAM,SUGUNA MALIGAI
212,ELACHIPALAYAM,MAHALACHIMI BAKERY MANALI
213,MANIKAM PALAYAM,AFRA STORES
214,MANIKAM PALAYAM,AMMAN MALIGAI
215,DEVANAKURUCHI,NAVIN MALIGAI 1
216,DEVANAKURUCHI,RAJU MALIGAI
217,DEVANAKURUCHI,KTM MALIGAI
218,DEVANAKURUCHI,MUTHUKUMARAN DIPPARTMENT
219,DEVANAKURUCHI,MM 1 MALIGAI
220,DEVANAKURUCHI,ANGAPPAN MALIGAI
221,DEVANAKURUCHI,NALLAI SANDOS MALIGAI
222,COLONY,NALLAI MUTHARAMMAN MALIGAI
223,ETTIMADI,PALANIAPPAN MALIGAITWO
224,SIDTHA LANTHUR,SAKTHI MEDICAL
225,PATTARIMEDU,MUGAVAI MALIGAI B
226,PATTARIMEDU,IMAYAM MALIGAI
227,PATTARIMEDU,NILA MALIGAI
228,NORTH CAR STREET,PONMUTHAYA  SUPER MARKETTWO
229,SANTHAPETTAI,PPM MART 23.24
230,MANIKAM PALAYAM,SRI MAYURA BAKERY
231,COLONY,RM MALIGAI
232,DEVANAKURUCHI,TEA GLAUP
233,PATTARIMEDU,MURUGAN MALIGAI
234,PATTARIMEDU,THANGAM MEDICAL2
235,PATTARIMEDU,BMS MALIGAIP
236,PATTARIMEDU,RAGIM MALIGAI
237,SOLASIRAMANI MOLASI,ILAYABERUMAL MALIGAI
238,PATTARIMEDU,LUCK STORES
239,PATTARIMEDU,NM MALIGAI
240,KOKRAYANPETAI,ESVAR MALIGAI
241,VELLORE ROAD,INDIEN BAKERY
242,SIDTHA LANTHUR,SV STORES
243,SOLASIRAMANI MOLASI,ANGALAMMAN MALIGAIS
244,SIDTHA LANTHUR,KAVIN MALIGAI
245,SIDTHA LANTHUR,NAGAPPA MALIGAI
246,SIDTHA LANTHUR,NELLAIRAJ MALIGAI
247,SIDTHA LANTHUR,NEW BISMI MALIGAI
248,SIDTHA LANTHUR,BARANI STORES
249,SIDTHA LANTHUR,VADIVU MALIGAI
250,COLONY,KM MALIGAI
251,KANTHAM PALAYAM,SELVAKUMAR MALIGAI
252,KANTHAM PALAYAM,MAHALAXMI MALIGAIK
253,KANTHAM PALAYAM,LECHIMI MALIGAI
254,KOLIKALNATHAM ROAD,APSI MALIGAI
255,KANTHAM PALAYAM,CHENNAI BAKES
256,KANTHAM PALAYAM,VINAYAGA COOLDRINGS
257,BUSTANT,RANJITH COOLDRINGS
258,KANTHAM PALAYAM,MAHALAXMI BAAKERY
259,KANTHAM PALAYAM,ABUSEK MALIGAI
260,KANTHAM PALAYAM,MURUGESAN MALIGAI K
261,KANTHAM PALAYAM,SALEM STORES
262,SIDTHA LANTHUR,SELVARANI MALIGAI
263,KANTHAM PALAYAM,PRIYA COOLDRINGS
264,KANTHAM PALAYAM,MANTHIRI MALIGAI
265,KANTHAM PALAYAM,PARATH BOOK SHOP
266,VELLORE ROAD,A TO Z DIPPARTMENT STORES TWO
267,KANTHAM PALAYAM,SKV BOYS CANDIN
268,KUMARAMANGALAM,YES BAKERY
269,ERODE ROAD,CHENNAI STORES
270,SOLASIRAMANI MOLASI,MSR TRADERS MALIGAI
271,SANTHAPETTAI,MAHALAXMI MALIGAI
272,DEVANAKURUCHI,INVI SHOPPING CENTRE
273,NAMAKAL SNT ROAD,MAYITHILI
274,SANGAGIRI ROAD,NELLAIJEPAS MALIGAI
275,VELLORE ROAD,MAYURA IYYANGAR BAKARY V K
276,THOKAVADI,LUCKY STORES THO
277,SALEM ROAD,ATM MALIGAI
278,THOKAVADI,KSR E& C TRUST FC 01
279,KOKRAYANPETAI,SS MALIGAI
280,THOKAVADI,KSR E
281,THOKAVADI,VIDYAAVIKAS EDUCATIONAL INSTITUTIONS
282,WEST CAR STREET,BAVA FRUITS
283,SANGAGIRI ROAD,RAJAN IYANGAR BAKERY
284,EAST CAR STREET,TP SUPRAMANIAMT
285,EAST CAR STREET,UDHAYAM POOJA STORS
286,NAMAKAL SNT ROAD,HARIHARAN AGENCY
287,MANIKAM PALAYAM,PARATHI STORES
288,ETTIMADI,BARAMESVARI MALIGAI
289,PATTARIMEDU,RMS MALIGAI
290,ETTIMADI,PALANIAPPAN MALIGAI
291,BUSTANT,LINGESH MEDICALS
292,WEST CAR STREET,PORUNAI MITTAI KADAI
293,KUMARAMANGALAM,KRUTHIKA MALIGAI
294,KANTHAM PALAYAM,ARTHANARISVARA TEA STAL
295,SALEM ROAD,YAMMY SNACKS
296,MANIKAM PALAYAM,SRI BALAJI MEDICALS AND SUPERMARKET
297,BUSTANT,REAL FRUIT NO.1
298,NORTH CAR STREET,LECHIMI TEX
299,ELACHIPALAYAM,MAHALECHIMI MALIGAI
300,DEVANAKURUCHI,NELLAI SANDO PALAKADA
301,KOLIKALNATHAM ROAD,MKN MALIGAI
302,SIDTHA LANTHUR,BP BAKERY
303,KOLIKALNATHAM ROAD,SARANYA BISCUIT
304,ERODE ROAD,DEEPA MEDICAL
305,ERODE ROAD,ANNADURAI TEA STAL
306,KANTHAM PALAYAM,BLUCK
307,COLONY,MAHENDRA MALIGAI
308,SOUTH CAR STREET,INDHU COFFIPAR
309,NAMAKAL SNT ROAD,MALA KOVIL STAAL
310,MANIKAM PALAYAM,VIJAYAKUMAR MALIGAI
311,COLONY,GOPAL MALIGAI
312,VELLORE ROAD,SIVASAKYHI MEDICAL
313,MANIKAM PALAYAM,SUPRAMANI MALIGAI
314,SIDTHA LANTHUR,DEVARAJ MALIGAI SI
315,NORTH CAR STREET,murugan
316,VELLORE ROAD,RAJU TCMS
317,KOKRAYANPETAI,KGS MALIGAI
318,KUMARAMANGALAM,KUMARAN BAKERYK
319,MANIKAM PALAYAM,KALAIMAGAL ANGADI
320,MANIKAM PALAYAM,SANJAI MALIGAI
321,SALEM ROAD,HOLY ANGELS PRIMARY SCHOOL
322,SALEM ROAD,ST ANTONY H R SEC SCHOOL
323,COLONY,NELLAI AMBIGA MALIGAI
324,PATTARIMEDU,SRI BALAMURUGAN DIPPARTMENT
325,THOKAVADI,SPK EDUCATIONAL TRUST CANTEEN
326,KUMARAMANGALAM,NEW SANA BAKERY
327,ELACHIPALAYAM,NELLAI TIRUCHENDURMURUGAN STORES
328,MORE PALAYAM,KARUPATTY RAJA TEA
329,ANNANAGAR SPP COLNY,NR SUPERMARKET
330,KUMARAMANGALAM,ANGALAMMAN MALIGAI
331,SOLASIRAMANI MOLASI,SRI VELAVA BAKERY
332,ELACHIPALAYAM,MATHESVARAN MALIGAI EM
333,ELACHIPALAYAM,RAJAVEL MALIGAI
334,SOLASIRAMANI MOLASI,KALA BAKERY
335,ELACHIPALAYAM,PUVANESVARI MALIGAI
336,KOOTAPPALLI,PALANIYAPPAN MALIGAIK
337,VELLORE ROAD,2425
338,KANTHAM PALAYAM,SRI SAKTHI MEDICAL
339,PATTARIMEDU,THANUSGA MALIGAI
340,VELLORE ROAD,THAMARAI MALIGAI
341,SALEM ROAD,SAGAR MALIGAI
342,KANTHAM PALAYAM,AP KAYKARIKADAI
343,ELACHIPALAYAM,AMMAN MALIGAI EP
344,BUSTANT,SUPRAMANIAM COOL
345,PUTHOOR THONDIKAD,AMMAN MALIGAIP
346,ELACHIPALAYAM,OMSAKTHI MALIGAI E
347,VELLORE ROAD,CAKE WORLD
348,DEVANAKURUCHI,NELLAI AMMAN MALIGAI
349,KOKRAYANPETAI,RILACKS BAKERY
350,KOKRAYANPETAI,SINNATHAMBI MALIGAI
351,KOKRAYANPETAI,SRI IYANGAR BAKERY VITAM
352,SOLASIRAMANI MOLASI,PVS MALIGAI
353,KOKRAYANPETAI,MRM MALIGAI
354,SOLASIRAMANI MOLASI,SELVAM MALIGAIS
355,KOKRAYANPETAI,LUCKY STORESK
356,KOKRAYANPETAI,PALANISAMY MALIGAI
357,KOKRAYANPETAI,GOGUL STORES
358,KOKRAYANPETAI,SELVAM MALIGAI K
359,KOKRAYANPETAI,NEW LUCKY STORS
360,KOKRAYANPETAI,NEELAGIRI MALIGAI TWO
361,KOKRAYANPETAI,OMSAKTHI MALIGAIK
362,KOKRAYANPETAI,MURUGAN STORES
363,KOKRAYANPETAI,MANI MALIGAI
364,KOKRAYANPETAI,SRI MURUGAN STORES
365,KOKRAYANPETAI,NELLAI POWN MALIGAI
366,KOKRAYANPETAI,MRV MALIGAI
367,KOKRAYANPETAI,SRI IYANGAR BAKERY K
368,PATTARIMEDU,KANTHASAMY TEA STAL
369,SIDTHA LANTHUR,BATHMA MALIGAI
370,SIDTHA LANTHUR,KANDASAMY MALIGAI S
371,PATTARIMEDU,BUSHRA AGENCY
372,SOLASIRAMANI MOLASI,THAN VANYHIRI
373,NORTH CAR STREET,SRI RAMDSVE GIFT HOUS
374,BUSTANT,BABA COOLDRINGS
375,KANTHAM PALAYAM,KURINJI BAKERYM
376,KOOTAPPALLI,RAGMAN STORES
377,VELLORE ROAD,MALAR HOTEL
378,MANIKAM PALAYAM,MURUGAN MALIGAIM
379,WEST CAR STREET,KUNA BEETA STAL
380,KOKRAYANPETAI,MATHAN MALIGAI
381,KUMARAMANGALAM,ASR MALIGAI
382,KUMARAMANGALAM,MAHENDRA WOMAN COLLEGE
383,PATTARIMEDU,MAYURA BAKERY
384,PUTHOOR THONDIKAD,KRISNAVENI MALIGAI
385,ELACHIPALAYAM,NIKSANA MEDICAL
386,KUMARAMANGALAM,MALAR MALIGAIK
387,KUMARAMANGALAM,STAR BAKERY
388,ELACHIPALAYAM,BEMAS BAKERY EP
389,ELACHIPALAYAM,SRI AMMAN IYANGAR
390,MANIKAM PALAYAM,JKS MALIGAI
391,KOOTAPPALLI,KANAGAM STORES
392,SIDTHA LANTHUR,SKM  TES STAL
393,VELLORE ROAD,TOCOBAY STORES
394,MORE PALAYAM,MPM MALIGAI
395,KANTHAM PALAYAM,THANALECHIMI MAIIGAI
396,SOUTH CAR STREET,FLAVARKING COOL
397,PATTARIMEDU,KOVAI BAKERY PALMADAI
398,SOLASIRAMANI MOLASI,THREE STAR BAKERYS
399,KANTHAM PALAYAM,THURAI MALIGAI
400,THOKAVADI,SANTHIYA MALIGAI
401,KOKRAYANPETAI,PSI BAKERY
402,ERODE ROAD,S S MALIGAI
403,SANGAGIRI ROAD,NALAM MEDICAL
404,KOKRAYANPETAI,NEELAGIRI STORES ONE
405,SOUTH CAR STREET,SRI.BUVANESWARI.STORES
406,PATTARIMEDU,INDIAN DIPPARTMENT RS
407,KOKRAYANPETAI,KURINJI BAKERYK
408,SIDTHA LANTHUR,KRISHNA POO KADAI
409,COLONY,NELLAI MURUGAN MALIGAI
410,SANTHAPETTAI,SRI AMMAN MALIGAI
411,SOLASIRAMANI MOLASI,VICNESHVARA BISCUIT STAL
412,ELACHIPALAYAM,NEW NELLAI STORES
413,MORE PALAYAM,APOORVA MALIGAI
414,SANGAGIRI ROAD,BLUCK BACKS TEA STAL
415,SIDTHA LANTHUR,BOOJA STORES
416,KOLIKALNATHAM ROAD,LACKY STORES SP
417,SALEM ROAD,AMUTHAM MALIGAI
418,PATTARIMEDU,KPS MALIGAI
419,KOLIKALNATHAM ROAD,SUTHA MALIGAI
420,KOLIKALNATHAM ROAD,RAMESH MALIGAI
421,KOLIKALNATHAM ROAD,SEGAR MALIGAI
422,COLONY,FIVE STAR MALIGAI
423,PATTARIMEDU,NARASIMMA BAKERY
424,VELLORE ROAD,NANTHINI MALIGAI
425,MANIKAM PALAYAM,OMSAKTHI BAKERY
426,KOLIKALNATHAM ROAD,GOUTHAM MALIGAI
427,KOLIKALNATHAM ROAD,RBK MALI GAI
428,KOLIKALNATHAM ROAD,SIVAKUMAR MALIGAI
429,SANTHAPETTAI,SRIDEVI MALIGAI
430,SANGAGIRI ROAD,THE GRAND SWEETS  AND CAKES
431,VELLORE ROAD,AASAI MALIGAI V
432,SIDTHA LANTHUR,LOGANATHAN MALIGAI
433,KOLIKALNATHAM ROAD,ILAGI MALIGAI
434,COLONY,SATHIS THINESH BAKERY
435,KANTHAM PALAYAM,SKV GIRLS CANTEEN
436,VELLORE ROAD,SM MALIGAI
437,SOLASIRAMANI MOLASI,ARUMUGAM MALIGAIS
438,KOLIKALNATHAM ROAD,ARASU MALIGAI
439,KOLIKALNATHAM ROAD,JEYAM MALIGAI KN
440,KUMARAMANGALAM,SRI SAKTHI SUPER MARKET
441,VELLORE ROAD,AMMAIAPPA IYANGAR BAKERY VR
442,MORE PALAYAM,NELLAI ARJANA MALIGAI SR
443,MANIKAM PALAYAM,HANI MITHRA BAKERY
444,THOKAVADI,NILA BAKERY
445,PATTARIMEDU,PALANIMUTHU MALIGAI
446,ELACHIPALAYAM,SRI SARAVANA MALIGAI
447,ANNANAGAR SPP COLNY,SIVASAKTHI MALIGAI
448,DEVANAKURUCHI,VASANTHI MAKIGAI
449,SIDTHA LANTHUR,NELLAI ANGELS MALIGAI
450,PAVADI STREET,CHITRA MALIGAI
451,MORE PALAYAM,MAKKAL MALIGAI
452,EAST CAR STREET,ELAGOVAN MALIGAI
453,KOLIKALNATHAM ROAD,KUMARAGURU BAKERY
454,KANTHAM PALAYAM,ROYAL BAKERYK
455,SALEM ROAD,KANNAN DIPPARTMENT TWO
456,KOKRAYANPETAI,RAJASRI BAKERY
457,PAVADI STREET,SEENI MALIGAI
458,PUTHOOR THONDIKAD,SRI VELAVAN STORES
459,KUMARAMANGALAM,VVMK TEA STAL
460,SANTHAPETTAI,CITRA MALIGAI
461,PUTHOOR THONDIKAD,SIVASOORIYA MEDICAL
462,SIDTHA LANTHUR,GOLDEN BAKERY
463,MANIKAM PALAYAM,BALAJI SUPER MARKET
464,KANTHAM PALAYAM,BLACK BAKES TEA STAL
465,KOOTAPPALLI,VENGATESVARA BAKERY
466,ELACHIPALAYAM,MUGAVAI MALIGAI E
467,THOKAVADI,SELVAM MALIGAI KSR
468,THOKAVADI,SRI AMMAN MALIGAI TV
469,KOOTAPPALLI,SM STORES K
470,KUMARAMANGALAM,KANNAN MEDICAL
471,DEVANAKURUCHI,THOOTHUKUDI STORES
472,KOKRAYANPETAI,RAMASAMY MALIGAI
473,KOKRAYANPETAI,PUVEELI STORES
474,VELLORE ROAD,KVN MALIGAI
475,VELLORE ROAD,JEYALAKSHIMI BAKERY
476,KOOTAPPALLI,NANA NANI RESTARAND
477,THOKAVADI,ANDAVR MEDICAL
478,KOKRAYANPETAI,MARUTHI MALIGAI
479,KUMARAMANGALAM,PANDIAN MALIGAI
480,THOKAVADI,VINAYAGA MALIGAI
481,THOKAVADI,MEENACHI MALIGAI T
482,MANIKAM PALAYAM,SPK STORES
483,SOLASIRAMANI MOLASI,JAYAKUMARAN MALIGAIE
484,NORTH CAR STREET,BEST ENTERPRISES
485,SOLASIRAMANI MOLASI,SRI VINAYAGA DIPPARTMENT
486,ANNANAGAR SPP COLNY,DAMEGE
487,SOLASIRAMANI MOLASI,JAYAKUMARAN MALIGAI
488,ANNANAGAR SPP COLNY,NELLAI JKB MALIGAII
489,THOKAVADI,KOBIGA DIPPARTMEND
490,DEVANAKURUCHI,ARUN MALIGAI
491,KOKRAYANPETAI,KOIL KADAI
492,KOKRAYANPETAI,MUGAVAI MALIGAIK
493,VELLORE ROAD,ABU MALIGAI
494,SANTHAPETTAI,FRANCE BAKERY
495,VELLORE ROAD,SANTHIYA BAKERI
496,ANNANAGAR SPP COLNY,MATHI IYANGAR BAKERY
497,PATTARIMEDU,BALUSAMY MALIGAI
498,DEVANAKURUCHI,NANDHI STORES
499,ANNANAGAR SPP COLNY,MAIN STOCK2
500,THOKAVADI,KAVITHA MALIGAI
501,SOLASIRAMANI MOLASI,SRI VINAYAGA MEDICALS
502,ANNANAGAR SPP COLNY,SELVI STORES
503,ELACHIPALAYAM,NAZRINE MALIGAI
504,SIDTHA LANTHUR,SENTHUR DIPPARTMENT
505,ELACHIPALAYAM,NISHA MALIGAI
506,THOKAVADI,MURUGAN TEA STAL
507,KUMARAMANGALAM,SRS MART
508,SOLASIRAMANI MOLASI,SELVAVINAYAGA MALIGAI
509,SOLASIRAMANI MOLASI,SIVASAKTHI SSS BAKERY
510,ELACHIPALAYAM,SS BAKERY
511,ANNANAGAR SPP COLNY,CHENNAI HAT POPS
512,ETTIMADI,RATHNAVEL MALIGAI
513,KANTHAM PALAYAM,NEW NITHYANANDAN STORES
514,ANNANAGAR SPP COLNY,RAMASAMY MALIGAI SPP
515,KUMARAMANGALAM,JEYAHASINI MALIGAI
516,PATTARIMEDU,AS MALIGAI
517,MORE PALAYAM,THANGAM MEDICAL
518,KUMARAMANGALAM,NELLAIRANI MALIGAI
519,KUMARAMANGALAM,KMS MALIGAI
520,KANTHAM PALAYAM,SKM MALIGAI
521,VELLORE ROAD,ANBU MALIGAI
522,THOKAVADI,AMMAN MALIGAI OINS
523,SOLASIRAMANI MOLASI,INBARAJA  MALIGAI
524,VELLORE ROAD,HAPPY BAKERY
525,ANNANAGAR SPP COLNY,NEW NELLAI STORES SPP
526,DEVANAKURUCHI,SAMUTHAYA KOOTAM
527,VELLORE ROAD,MAHALACHIMI BAKERY VK
528,COLONY,JEYA MEDICAL
529,COLONY,GUNASEGARAN XEROX
530,SOLASIRAMANI MOLASI,NANTHINI MALIGAI S
531,KOKRAYANPETAI,JUM JUM HANITHA MALIGAI
532,SALEM ROAD,SRI MAYURA BAKERY TWO
533,ETTIMADI,SAMY MALIGAI
534,SOLASIRAMANI MOLASI,BMS MALIGAI
535,KOKRAYANPETAI,SANA BAKERY AP
536,PATTARIMEDU,SINDHU MEDICAL RS
537,MANIKAM PALAYAM,SWEETS BAKERS
538,MANIKAM PALAYAM,KPM MALIGAI
539,MORE PALAYAM,SKS MALIGAI
540,THOKAVADI,BASUBATHI BAKERY
541,SOUTH CAR STREET,HOTEL SARAVANABAVAN
542,SALEM ROAD,JUM JUM MASLIGAI
543,SIDTHA LANTHUR,INDIAN STORESS
544,SIDTHA LANTHUR,NELLAI MATHA STORES
545,SIDTHA LANTHUR,S MART SUPER MARKET
546,PUTHOOR THONDIKAD,NAKSATHIRA MALIGAI
547,THOKAVADI,SAKTHIVEL MALIGAI
548,DEVANAKURUCHI,SANA BAKERY DK
549,DEVANAKURUCHI,DEELIPAN MALIGAI
550,THOKAVADI,SK PHARMACY G
551,PUTHOOR THONDIKAD,KURINJI BAKERY TWO
552,MANIKAM PALAYAM,GK STORES
553,KUMARAMANGALAM,KONGU PALAKADAI ONE
554,MANIKAM PALAYAM,BALAMURUGAN STORES
555,MANIKAM PALAYAM,GOLDEN BAKERYM
556,PAVADI STREET,KOOTUBAY MALAR NILAYAM
557,SIDTHA LANTHUR,KAVIN MALIGAI TWO
558,ANNANAGAR SPP COLNY,SRI VINAYAGA MEDICALL
559,SANTHAPETTAI,THARANIS MEDICAL
560,KOKRAYANPETAI,MUGAMATHU MALIGAI
561,KANTHAM PALAYAM,DEVI MEDICAL
562,ANNANAGAR SPP COLNY,PRES BAKERY
563,NAMAKAL SNT ROAD,KALAI MEDICAL
564,SALEM ROAD,NEW JAYAM BAKERY
565,KOKRAYANPETAI,NEW LACKY MALIGAI
566,THOKAVADI,AMMAIAPPA BAKERYT
567,PATTARIMEDU,NELLAI ANGELS MALIGAIP
568,KOKRAYANPETAI,KAVERY MEDICAL
569,ANNANAGAR SPP COLNY,JJ DIPPARTMENT STORES
570,SALEM ROAD,JUMJUM MALIGAI
571,MANIKAM PALAYAM,THIRUMURUGAN MALIGAI
572,KUMARAMANGALAM,NITHIKSA MALIGAI
573,PAVADI STREET,SANMUGA MEDICALP
574,KUMARAMANGALAM,SSSM MALIGAI
575,PATTARIMEDU,ROJA MALIGAI
576,KOKRAYANPETAI,NS BAY MALIGAI
577,PATTARIMEDU,SHANMUGA BAKERY
578,Sundry Debtors,JEYASINI MALIGAI
579,THOKAVADI,SALOMI STORES
580,KOLIKALNATHAM ROAD,THANAM MALIGAI
581,ETTIMADI,SRI SAKTHI BAKERY
582,MANIKAM PALAYAM,VIJI BAKERY
583,PATTARIMEDU,MAYILI STORES
584,MANIKAM PALAYAM,GOOD VIBES MALIGAI
585,KOKRAYANPETAI,RAKMAN STORES
586,PATTARIMEDU,SANGARA MALIGAI
587,VELLORE ROAD,SRM SWEETS AND CAKES P LTD
588,ANNANAGAR SPP COLNY,FAMILY MART
589,VELLORE ROAD,SRI AMMAN MEDICAL
590,KOLIKALNATHAM ROAD,ASIMA MALIGAI
591,KOKRAYANPETAI,SIVANI IYANGAR BAKERY
592,KANTHAM PALAYAM,PERIYASAMY TEA STAL
593,MANIKAM PALAYAM,E K P MALIGAI
594,KOOTAPPALLI,UDHAYAM STORES MAIN
595,KOKRAYANPETAI,NILA BAKERYK
596,PATTARIMEDU,BATHIMA MALIGAI
597,ELACHIPALAYAM,KONGU BAKERY UNIEN OFFICE
598,NAMAKAL SNT ROAD,BOOKARAMA ESVARI
599,MANIKAM PALAYAM,HANIMITHRA
600,SOLASIRAMANI MOLASI,JAI ANJINEYA MEDICAL
601,MORE PALAYAM,KUMARAN BAKARY
602,MORE PALAYAM,KURINJI BAKERY KP
603,KUMARAMANGALAM,BEST MEDICAL
604,SANTHAPETTAI,TASTY BAKES ONE1
605,KOKRAYANPETAI,VINAYAGA  MEDICAL
606,KOKRAYANPETAI,THREE STAR BAKERY
607,ANNANAGAR SPP COLNY,NR DIPPARTMENT STORES
608,KOLIKALNATHAM ROAD,SRI VISHNU MAYA MALIGAI
609,KANTHAM PALAYAM,NITHYANANDAN
610,SOLASIRAMANI MOLASI,VELU MALIGAI
611,NAMAKAL SNT ROAD,HEMA MALIGAI
612,DEVANAKURUCHI,NANDHINI STORES
613,THOKAVADI,KAMACHI MALIGAIT
614,SALEM ROAD,ANANDAM MALIGAI
615,PATTARIMEDU,THAMILAN MALIGAI
616,SIDTHA LANTHUR,MANI MALIGAIS
617,KUMARAMANGALAM,KANNIMAR SAMY KOVIL
618,MORE PALAYAM,KANTHAN BAKERY
619,KOKRAYANPETAI,SRI GANAPATHY SUPERMARKET
620,MORE PALAYAM,NALANDAS SCHOOL CANTEEN
621,PUTHOOR THONDIKAD,MATHY MALIGAI
622,ETTIMADI,VIJIYA STORES
623,ELACHIPALAYAM,GRANT BAKERY
624,KUMARAMANGALAM,MEENACHI  CHIPS
625,KUMARAMANGALAM,MURUGAN MALIGAI NEW
626,SALEM ROAD,BLACK BEOKE
627,KUMARAMANGALAM,SRI KRISHNA DEPARTMENTAL STORE
628,PAVADI STREET,SIVAGURU POOJA STORES
629,THOKAVADI,ASIRVATHAM MALIGAI
630,SALEM ROAD,TESTY BAKERY BUSTAND
631,VELLORE ROAD,A TO Z SUPER MARKET V
632,KOKRAYANPETAI,VEERAMATHI AMMAN MALIGAI
633,SALEM ROAD,BLACK BASTAR
634,PATTARIMEDU,SM MALIGAIP
635,VELLORE ROAD,AMMAN MEDICAL
636,KOKRAYANPETAI,LECHIMI BAKERY
637,COLONY,JAYA MARUTHI MEDICALS
638,KUMARAMANGALAM,NELLAI KARUPATTI COFFI
639,DEVANAKURUCHI,NELLAI RENIS MALIGAI
640,DEVANAKURUCHI,GK MALIGAI
641,ETTIMADI,NELLAI MAHARAJA MALIGAI
642,Sundry Debtors,ARUVI IYANGAR BAKERY TWO
643,KOOTAPPALLI,TESTY BAKERY TWO
644,PATTARIMEDU,S TO Z BAKERY
645,VELLORE ROAD,IYANAR TEA STAL
646,KOKRAYANPETAI,NELLAI KUMAR MALIGAI
647,PATTARIMEDU,PR MALIGAI
648,COLONY,SAYRAM MALIGAI
649,MANIKAM PALAYAM,THIRUPATHY MALIGAI
650,THOKAVADI,KARUDA  BAKERY
651,THOKAVADI,YAL ARASAN MALIGAI
652,KOKRAYANPETAI,JAYASAKTHI DIPPARTMENT STORES
653,THOKAVADI,SELVA VINAYAGA MALIGAI
654,PUTHOOR THONDIKAD,SRI MURUGAN TRADERS
655,KANTHAM PALAYAM,MANISA FARMACY
656,NORTH CAR STREET,MASTER SWEET
657,SOLASIRAMANI MOLASI,ARASALA SETTIAR MALIGAI
658,MORE PALAYAM,KONGU BALBANNAI
659,MORE PALAYAM,NANDHU BALAKADAI
660,MORE PALAYAM,MS MALIGAI M
661,MORE PALAYAM,SRI IYANGAR BAKERY
662,MORE PALAYAM,KANAPATHI MALIGAI
663,KANTHAM PALAYAM,KBN MALIGAI
664,MORE PALAYAM,SREE BALAJI SUPER MARKETS
665,KOOTAPPALLI,KARUPATTY RAJA TEA STAL
666,MORE PALAYAM,SENTHIL MALIGAI NEW
667,MORE PALAYAM,SR BAKERYM
668,MORE PALAYAM,SRI MURUGAN DIPPARTMENT STORES
669,MORE PALAYAM,AASIQ MALIGAI
670,BUSTANT,ARUN ICE
671,MORE PALAYAM,MURUGAN STORE kp
672,MORE PALAYAM,MARIYAM MALIAGAI
673,MORE PALAYAM,KRISHNAVENI MALIGAI
674,NORTH CAR STREET,MM MALIGAI
675,SIDTHA LANTHUR,SARASWATHI MEDICAL
676,KOKRAYANPETAI,SN MALIGAI
677,KOKRAYANPETAI,SUDHA BAKERY
678,VELLORE ROAD,PRIYA MALIGAI
679,DEVANAKURUCHI,AYSA BAKERY
680,KOOTAPPALLI,NANTHI IYANGAR BAKERY
681,NAMAKAL SNT ROAD,KOVIL PATTY HOT SWEET
682,MORE PALAYAM,MURUGAN STORESS
683,SALEM ROAD,THAYA MEDOCAL
684,MORE PALAYAM,KAMACHI MALIGAI
685,KUMARAMANGALAM,BLACK PEKOE
686,KUMARAMANGALAM,SRI KUMARAN BAL BANNAI
687,NAMAKAL SNT ROAD,RAJALECHIMI MALIGAI
688,KOOTAPPALLI,THIRUMANI MAIGAI
689,NAMAKAL SNT ROAD,THILLAI MALIGAI
690,MORE PALAYAM,BLUCK BAKE TEA
691,KOLIKALNATHAM ROAD,MITHRAN MEDICAL
692,KOOTAPPALLI,INDIEN BAKERY KOOTAPALLI
693,DEVANAKURUCHI,DHANABAL TEA STALL
694,MORE PALAYAM,VRT MALIGAI
695,KANTHAM PALAYAM,MURUKESAN MALIGAI
696,KANTHAM PALAYAM,STAR MALIGAI
697,PATTARIMEDU,SENTHIL BOOJA
698,ANNANAGAR SPP COLNY,NEW SARATHI BASKERY
699,KOOTAPPALLI,UDHAYAM MALIGAI ULKADAI
700,MORE PALAYAM,DIVYAM MEDICAL
701,VELLORE ROAD,AVS COFFI BAR
702,SIDTHA LANTHUR,ROYAL BAKERY ONE
703,MANIKAM PALAYAM,SRI AMMAN DIPPARTMENT
704,NAMAKAL SNT ROAD,AMIRTHA SUPERMARKET
705,MORE PALAYAM,PONKALIAMMAN MALIGAI
706,PATTARIMEDU,KOVAI BAKERS RS
707,MANIKAM PALAYAM,RAPPAN STORES
708,MORE PALAYAM,SENGUNDAR ARTS COLLEGECANDINE
709,SANGAGIRI ROAD,THE GRAND BAKERY
710,EAST CAR STREET,SRI KRISHNA POOJA STORE
711,MORE PALAYAM,TASTY BAKSM
712,BUSTANT,MANGAI COOLDRINGS
713,COLONY,KM MALIGAIC
714,SOLASIRAMANI MOLASI,RAJA MALIGAIS
715,KOKRAYANPETAI,GRAND BAKERY
716,DEVANAKURUCHI,SRI MURUGAN MEDICAL
717,DEVANAKURUCHI,BALASUPRAMANIAM MALIGAI
718,SOLASIRAMANI MOLASI,ELAKYA MEDICAL
719,NAMAKAL SNT ROAD,DAMEGE STOCK DITAILS
720,KUMARAMANGALAM,SRS MART K
721,SOLASIRAMANI MOLASI,NM MALIGAIS
722,MORE PALAYAM,SELVI AMMAN MALIGAI
723,KANTHAM PALAYAM,CHERRY BAKES
724,MANIKAM PALAYAM,NEW AFRA MALIGAI
725,ELACHIPALAYAM,BALAMURUGAN TEA STAL
726,ELACHIPALAYAM,ASIQ MALIGAIE
727,BUSTANT,BLACK PASTER TEA SHOP
728,MORE PALAYAM,KUMARAVEL MALIGAI
729,PATTARIMEDU,MAHESH TEA STAL
730,PATTARIMEDU,GOWRI MEDICAL
731,SIDTHA LANTHUR,SWEET AND TASTY BAKERY
732,KOOTAPPALLI,SOORIYA STORES
733,KANTHAM PALAYAM,BABY MALIGAI
734,MORE PALAYAM,SENGOTAIYAN MALGAI
735,PATTARIMEDU,RAKMAN MALIGAI
736,KOLIKALNATHAM ROAD,MUGAVAI NEW
737,KOKRAYANPETAI,SM BAKERY&TEA STAL
738,KOKRAYANPETAI,NEW INDIAN DIPPARTMENT STORES
739,SIDTHA LANTHUR,SENTHOOR DEPARTMENT KK
740,KANTHAM PALAYAM,VINAYAGA SUPER MARKET
741,PATTARIMEDU,THIL MALIGAI
742,KUMARAMANGALAM,RAJA MALIGAI K
743,NAMAKAL SNT ROAD,DHIVYAM MADICAL
744,KOOTAPPALLI,SRI BAJAR DIPPARTMENT
745,SOLASIRAMANI MOLASI,MM MALIGAIM
746,SOLASIRAMANI MOLASI,BATHARAKALIAMMAN MALIGAI
747,THOKAVADI,SRI SAKTHI MURUGAN DEPARTMENT
748,NAMAKAL SNT ROAD,RAKUMATH MALIGAI
749,KANTHAM PALAYAM,JP BAKERY K
750,KOKRAYANPETAI,SAKTHI MEDICAL .
751,NAMAKAL SNT ROAD,BAVA DAYA STORES
752,KUMARAMANGALAM,JASERA MALIGAI
753,VELLORE ROAD,CHINNA DHURAI MALIGAI
754,NAMAKAL SNT ROAD,NELLAI PANDIYAN STORES
755,KUMARAMANGALAM,SANA BAKERY KK MALAYADI VARAM
756,MORE PALAYAM,KRS MALIGAI
757,ANNANAGAR SPP COLNY,NELLAI SIVASAKTHI MALIGAI
758,ANNANAGAR SPP COLNY,NAGULAN BAKES
759,PATTARIMEDU,MA MALIGAI
760,ELACHIPALAYAM,SIVASAKTHI MALIGAIE
761,MANIKAM PALAYAM,KIRESIYA MALIGAI
762,THOKAVADI,YESU MALIGAI
763,SANGAGIRI ROAD,ERODE PONNUSAMY HOTEL
764,KOOTAPPALLI,ANNAI MEDICAL
765,KOOTAPPALLI,SAIRAM MEDICAL
766,KOOTAPPALLI,MASTAR COFFI
767,PATTARIMEDU,TESTY BAKERY
768,KANTHAM PALAYAM,GANTHI SCHOOL
769,PUTHOOR THONDIKAD,SAIBABA BAKERY
770,DEVANAKURUCHI,NELLAI KALPANA MALIGAI
771,ELACHIPALAYAM,SITHESVARAN MALIGAI
772,NAMAKAL SNT ROAD,HARIHARAN
773,KOKRAYANPETAI,MALAR MALIGAI
774,SOUTH CAR STREET,R.D STORE
775,KANTHAM PALAYAM,KALAI BAKERS
776,ELACHIPALAYAM,AVS MALIGAI
777,SOLASIRAMANI MOLASI,SANTHIYA MALIGAIS
778,ELACHIPALAYAM,PVM BAKERY AND CACKS
779,SANTHAPETTAI,JEYAM DEPARTMENT STORES.
780,DEVANAKURUCHI,DAVID RAJA MALIGAI
781,ANNANAGAR SPP COLNY,BRATHAR BAKERY
782,KOOTAPPALLI,ATHI STORES
783,KOKRAYANPETAI,ELAKKYA STORES
784,SIDTHA LANTHUR,NEW GRANT BAKERY
785,KOLIKALNATHAM ROAD,BAKIYAM MALIGAI
786,COLONY,MUGAVAI MALIGAI C
787,KUMARAMANGALAM,JANAPRIYA MALIGAI
788,KUMARAMANGALAM,VELAVA BAKERY
789,KOKRAYANPETAI,BAGAVATHI  IYANGAR
790,NAMAKAL SNT ROAD,ANGAPPA  TEA STAL
791,SIDTHA LANTHUR,KANDAGURU MALIGAI
792,PATTARIMEDU,SIVASAKTHI SUPERMARKET
793,KANTHAM PALAYAM,NEW NELLAI ANGEL
794,KANTHAM PALAYAM,AMMAI APPA BAKERY
795,WEST CAR STREET,MS MALIGAI.
796,KANTHAM PALAYAM,SK AGENCY
797,VELLORE ROAD,ELAKKIYA MALIGAI
798,PATTARIMEDU,SABARI DIPPARTMENT STORES
799,KUMARAMANGALAM,SANBIYA MALIGAI
800,SANGAGIRI ROAD,RAMKI RIEL BALAMUTHIR SOLAI
801,KUMARAMANGALAM,VENKATESHWARA BAKERY .
802,KUMARAMANGALAM,KARPAGA VINAYAGAR MALIGAI
803,PATTARIMEDU,INDIAN BAKERY
804,PATTARIMEDU,MAHALAXMI BAKERY PALMADAI
805,SALEM ROAD,SRI UDHAYAM DEPARTMENT STORE
806,PATTARIMEDU,DHIVYAM PHARMACY
807,NORTH CAR STREET,AVC PHARMACY
808,COLONY,RM MALIGAI C
809,DEVANAKURUCHI,TATSY BAKERY
810,MANIKAM PALAYAM,GRACEYA MALIGAI
811,KOKRAYANPETAI,AMMAN STORES
812,ANNANAGAR SPP COLNY,NELLAI SUGUNA MALIGAI
813,PATTARIMEDU,BESCON BOREWELL COMPRESSOR
814,MANIKAM PALAYAM,ANBU MALIGAI M
815,KUMARAMANGALAM,OMSAKTHI MALIGAIE
816,ELACHIPALAYAM,JB MALIGAI
817,NAMAKAL SNT ROAD,ANBU MALIGAIA
818,EAST CAR STREET,SIVAKUMAR BALAKADAI
819,SOLASIRAMANI MOLASI,RAYAL MALIGAIE
820,MORE PALAYAM,BLACK PEKOE TEA SHOP
821,ANNANAGAR SPP COLNY,SSS MALIGAI
822,THOKAVADI,SANA BAKERY KSR OPP
823,NAMAKAL SNT ROAD,RANI BASGAR
824,NORTH CAR STREET,SURES BEETA
825,PAVADI STREET,PONSELVAM MALUGAI
826,NORTH CAR STREET,SAANTHI STORE
827,ANNANAGAR SPP COLNY,ANGALA PARAMESHWARI MALIGAI
828,SOLASIRAMANI MOLASI,MALAR MALIGAIS
829,PATTARIMEDU,PALANIYAPPA BAKERY
830,SANTHAPETTAI,BLACK POKOE JAYAM TEA
